is_vip,severity_level,acceptance_rate,time_difference,time_consistency_std_dev,priority_score
0,9,89.35061839896275,3,51.59114544461459,47.60427414853257
0,5,46.39473301278495,5,99.34279721257124,21.386119063373407
0,2,89.93828864350928,3,106.3969185986828,36.40712109079784
0,2,87.21293799058559,4,63.4335474198177,29.15249831221392
0,8,23.39642664038093,5,59.2564513143321,30.48251980416525
0,0,60.91513049616943,4,109.21775606223888,14.11333920924342
1,2,0.9252758963704921,3,60.73683894433997,47.536341991221335
0,1,11.793874279313677,1,21.6251437034532,23.01241801005564
0,7,87.55497197885408,3,51.88497321823505,41.3930873550451
0,8,77.85802338505077,3,55.80075490019404,41.73482140270787
1,1,73.13083339942573,2,91.65923576701907,61.48924833304022
0,0,56.74640092765796,4,20.075815679218273,24.499887898383527
0,2,42.681052480943315,2,69.79524949228278,25.511704679330286
0,7,1.3727466002411592,2,22.38482585942794,31.035939881704905
0,0,97.2717866658619,3,32.0755507599544,33.68419000128853
0,0,59.82353364631915,0,114.53662178077887,20.876985821685313
0,8,21.18135719274298,4,46.64826274258113,29.37236682272896
0,6,88.98379076825164,1,48.7294118908377,43.37551977547489
0,10,55.329988832103375,4,57.935162455581526,29.693553927010463
0,3,8.31145175547061,0,112.64248292423731,19.921322579342213
0,4,32.28014627008678,2,76.73277950509005,22.54323062658223
0,10,62.77648275177151,0,117.35673017896742,43.1261253602711
0,2,13.53278096416256,0,44.9775219344921,19.1201338001157
0,2,28.616833567131906,2,87.71659714292218,20.49057281706681
0,6,94.10407146851401,4,112.33702258702064,31.059853489490752
0,8,87.17244507272233,5,29.9442319432324,51.60992996298253
0,9,85.18988183630097,1,81.88110213557711,48.66082360787344
0,5,75.20723764312393,2,28.974199920277197,41.05749258013526
0,10,85.09870163588012,0,76.29962302042429,61.09690736489817
0,9,62.70333701382056,4,111.74220250368764,30.6327050472304
0,8,39.72925326294578,4,101.49549846304369,25.724972810461406
0,3,49.40523920840509,0,41.10181411541132,37.43407383299994
0,1,40.65401418889768,3,45.52836322372283,21.399105635118154
0,4,0.12871208855357308,0,46.57717799386686,30.85536639583394
0,6,33.03107253790664,0,80.41050254980354,30.462611681580817
0,5,56.134172777338534,0,110.44537604089578,34.68032862632338
0,0,17.680536406233283,0,84.45597547912467,21.999088652717678
0,1,13.852211869616172,5,115.02185816686956,0.0
0,0,96.82686942018347,5,118.93631090049554,22.25966287491512
0,6,23.52621766317111,2,117.10797280640409,23.897481785257913
0,3,20.223084051210027,2,52.28620643377423,23.013978819897357
0,3,74.96457114446488,5,21.524531385685478,33.77043972007323
0,6,43.92799608906007,0,103.53248113827622,35.810069946885
0,0,77.48814806438465,3,83.82497548267983,11.101198331229373
0,9,95.70020070776467,2,74.34809692647791,56.34588712742273
0,6,43.44699698767058,5,27.258726233083994,33.43497791688431
0,7,31.257470094318574,1,39.0622947039483,35.29995525951067
0,1,91.93275415968489,5,70.74184128878564,32.1562208679686
0,3,84.5191002127661,3,97.53382450013262,26.596515805869117
0,4,74.93985457025822,0,90.02102193320627,28.144278540351873
0,10,59.78956252087233,4,32.021834115891274,36.994027662006275
0,9,54.05639267593516,5,91.29204758003773,36.18979961987444
0,5,2.5436543262005618,5,74.6034987645617,10.26556873046377
0,10,51.89474398931105,4,95.09580275352097,38.73066664775406
0,2,82.93108819912953,0,52.932796598548414,31.67795708979261
0,1,27.633054420006143,5,86.19757861934187,14.487159222252137
1,9,79.80977232815135,5,112.22143994882505,65.79740830719832
0,3,72.37286169056753,2,79.7806337962244,27.949656470967074
1,8,47.16633776118881,5,65.4500943923265,63.114731357929415
0,10,14.588817443934953,1,34.83180481179653,30.30692847151667
0,7,64.20068425598114,4,41.45088535265038,43.67283602115848
1,10,60.76502499575022,0,39.138006076157964,80.27939499396383
1,3,61.440419290683415,4,18.747618362440562,60.20389501804942
0,4,31.620263994731346,5,77.89588038983285,23.35231030115112
0,0,68.49289959589238,3,84.06909621128946,17.731116487560836
0,0,47.82003128195775,1,113.08760304050541,11.13615931420242
0,5,74.51402736486048,1,25.994483848055943,32.46368989885571
0,5,33.16081158605295,1,51.91639938884718,30.62536071657349
0,3,27.86963014869579,4,45.91422913674011,20.782127041735343
0,4,37.011500358942726,0,76.46469864216925,24.942664549009045
0,7,52.75944626483272,0,15.927946033962046,38.83533873259678
0,3,23.009887713511446,5,118.55617354920244,12.534290748992978
0,3,91.816658808846,4,40.567638372619285,41.20700071677031
0,4,36.97708816854165,2,45.768174323236046,25.367026850904956
0,1,38.797351443013774,4,115.30304172009565,4.4985671158783225
0,1,5.895477150864181,2,105.1324127802862,9.253095526780097
0,6,86.60762852080941,5,93.67454013738573,33.73902162174883
0,10,89.99523710408268,4,94.37278458000254,38.63837257851375
0,1,37.0933371537114,2,115.31614812847856,20.797338590664122
0,5,71.98975430583418,3,81.8215015900542,34.69877306747908
0,4,43.07005778237395,4,65.21191699751104,22.387786286291252
0,6,60.18102251490058,0,16.510981199000415,51.69748516881323
1,0,30.569721580567677,0,80.61523490289412,58.77206256908071
0,10,27.478826237740307,2,17.464745532602112,44.08785790799877
1,3,93.84986357131247,0,57.176866608870235,85.67377222626402
0,4,59.865561482885084,5,63.64267758235594,23.495905763681055
0,4,48.25996639025504,5,16.269394354610018,27.056541961007063
0,3,90.86080720578403,5,94.90778652905642,27.067959421127732
0,10,88.69352260566222,2,118.36956717577316,52.18710548571605
0,0,97.47628260296047,5,54.232582899692986,34.21793738086659
0,8,8.063738498802742,1,83.72424249466887,35.11805761405169
0,0,82.8087486764232,1,24.636055825077364,37.86910547676856
0,2,54.707797667156896,0,28.960581302034107,39.431098631471805
0,7,38.91245561162262,3,94.58988463861049,35.76949347022362
0,2,59.062957639827296,2,30.439928392760578,33.70300651005483
0,6,94.79093748777088,3,43.68142210625697,39.002219137349975
1,5,99.10558625834823,4,33.31146705824522,80.19235587410799
1,2,42.59643730610434,0,77.73937976900622,57.143789293239706
1,5,55.030961693759785,5,64.62292727837693,63.29516075374003
0,3,98.18447708242269,0,106.48387300393576,29.513397560833106
0,8,24.64688171723114,4,91.22842491295229,24.826991647885055
0,2,36.34587694769502,3,39.08759207298335,29.40288917042308
0,9,74.0953249847701,5,22.14425026175185,40.01610495518126
0,3,87.82426539010424,0,119.89233405160549,22.52971009046881
0,1,65.65975521621803,3,23.76801272012507,35.4577051564544
0,0,34.62535899887214,2,53.11445615061404,18.71818111617154
0,7,48.401698263003325,0,82.30895285549619,39.48268206069533
0,5,93.41388102654157,1,36.73636686587979,35.388388997584926
0,5,6.193832471368255,4,93.8487362738591,9.00263205414735
0,10,7.149498270435773,2,100.0985902348155,24.418259564316678
0,0,44.25071800009584,5,15.285387717981077,20.83382976168684
1,7,4.03258985866689,1,44.35747515288578,71.27479384153304
0,10,48.08465695258779,0,35.19840433092422,49.47026576227165
0,10,48.02060155257875,1,49.51811033109291,41.52663087806603
0,8,31.95182442169161,1,106.6409514056615,30.890684463063472
0,8,21.972836297980802,0,75.67601318510083,43.46297369217402
1,6,4.124803776594598,4,31.249108863725574,70.09084076353042
0,2,93.42886768008923,4,19.71898705563564,36.85849466979829
0,10,73.17535674690288,3,70.87640422944472,37.78031936129698
0,2,60.62078595084069,3,22.325826885649487,38.10986431154256
0,4,74.69711937507952,2,117.02956297765839,34.252685707608855
0,1,41.07915959039605,5,56.49880444258389,24.20747727310935
1,10,44.14274541446921,4,48.661901135704035,71.54561979108875
0,8,37.213006968389315,5,54.84223791414559,32.502628134849154
0,5,98.25805345452493,3,45.59800270488346,50.0384163572362
0,7,30.721546214314944,0,74.27781581087852,37.72538552207314
1,5,33.49924084361723,4,56.28114900502514,62.77137202488946
1,0,71.59943904347469,0,21.031840361865424,75.2003881800282
0,6,36.7001452639661,2,103.53937885331648,35.799983041654045
0,0,78.67005441077924,0,28.087714702905647,27.329559034353522
0,0,60.51864507191116,5,91.07772218378184,11.338973150186549
0,4,45.6564010102892,1,57.10764943813557,31.141051046105694
0,2,86.94494042439386,2,72.57713200070263,28.678968496965688
0,2,29.88374443080155,1,47.52453858651121,19.470520224684563
0,5,43.40212981570652,0,64.47483360279712,46.14421428509059
0,8,41.86430929021541,5,107.26987455237344,23.84876332889004
0,7,18.40881285141448,1,80.47133626822068,29.843951509314273
0,0,31.82629296418834,1,50.3478092052749,17.572394199578476
0,9,14.068370070744162,1,82.07111898484337,29.321946401702654
1,3,20.245759625288816,5,69.81538648406797,61.739468388368365
1,7,58.2640597587821,4,28.248496881106092,77.10727920569516
0,8,80.44063660201816,4,113.38358853859137,33.345126174341786
0,7,80.66689645837745,2,32.21913044234491,43.3634518370731
0,4,54.13960278790893,2,71.87902430197263,23.53781773741583
0,7,85.81970603334456,3,94.52299332886398,38.64403963121202
0,4,68.45881773960988,2,37.98279121792306,31.229005567795745
0,1,30.429745361680617,3,55.526460262256315,16.886775296770505
0,8,34.451775672357066,4,98.05060047725303,19.61011321386868
0,10,30.6339992117588,5,97.6031334982116,31.050883789893433
0,3,98.61545115276951,1,112.27361699425562,25.510534652051412
0,7,27.326854598131366,4,23.76873451473647,38.82831279403763
0,6,46.866765625152304,1,48.41780581962516,42.761753167028665
0,10,57.15673927654369,0,74.05329742041273,52.97462083430113
1,1,34.046910929582054,2,113.23392725050475,53.08270160685893
1,10,46.322174510814875,2,20.523729314298777,89.54867465690951
0,10,50.64827802604469,1,84.60926608870591,30.900469467803802
0,10,31.5758916549137,2,67.40213475717589,40.72008979357379
0,1,2.076060034298366,5,82.26188280995568,10.292535505400135
0,10,81.89373754409024,0,54.11052371713787,55.62138769671741
0,7,32.94736926866945,2,20.105202574730406,35.94008374863537
0,7,24.349001317086426,2,15.93638134454731,32.58969517334165
0,9,4.05503604455506,2,20.36104067949578,35.87533489830789
0,9,20.852545375683363,5,80.10288083221073,28.767835461652403
0,1,53.29984805118186,0,46.828907098972785,31.395595494826125
1,8,60.67196769719428,2,101.18799665388617,77.36152627626343
0,8,45.38716358508654,3,115.77776437184951,23.984957960687154
0,9,61.61032477307936,1,17.436190842291907,39.53623288783919
0,3,52.3347103361771,3,88.16847563631957,25.69056581975535
0,1,67.8348237432433,5,114.16697745701956,17.732934201689783
0,2,96.18807601850423,0,29.60482225434861,41.87101559764811
0,2,41.42942233233094,0,24.52870720931333,31.484280409262542
0,0,11.844849150948244,3,110.208335573152,11.342340852214958
0,3,31.440544770587643,0,53.29353588758042,24.890173826396992
0,3,13.071506833755786,1,42.27377940580319,22.297746160800376
0,1,65.91413953177339,0,42.24447223073301,31.130821019007413
0,5,28.29038763542838,4,107.59486993420192,26.740695500222778
0,2,57.37644053011888,2,116.0001400708887,19.864351684665124
0,3,95.12137807929378,3,116.66596076357638,29.011117199568325
0,7,14.18277120761353,2,109.18046165495184,32.83681519026956
0,3,56.320016785483396,1,57.917547636717025,34.691092397331055
0,6,48.80179064818484,5,39.963708381419515,35.144556544883734
1,3,96.52736622365998,4,59.03664281497368,72.97330281579245
1,10,18.454999773652712,4,20.615200573023298,69.13316119923891
0,3,42.63877577626908,2,58.166133337092866,22.812771598232032
0,1,67.98774694553585,4,22.55646656661974,25.97901137209038
0,4,17.880475947309826,5,94.61446860519804,14.527030301993207
0,2,85.83167846313778,5,116.28941004600748,20.90671069861105
0,9,94.89957523738167,0,33.15762199246431,42.35495876459818
0,2,20.844460671594522,1,45.52216428440898,17.403408695753573
1,6,66.55340895000094,4,106.62585956184883,70.82608600029538
0,0,97.10116821024283,5,39.176929440557544,30.548793515384265
0,6,1.7301029572052595,2,28.335619570701148,26.831414276600256
0,6,27.90725501877195,5,117.90100128756734,9.75998749309025
1,2,85.83637424916822,2,28.239711339521403,79.90746639285413
0,6,58.18253964420563,4,70.43268933890332,34.49274251351796
0,8,16.018765327922868,0,90.88043052659066,34.24149865096918
0,10,26.79676033414562,3,69.94631048697372,26.811178450426407
0,7,42.035486720202975,3,94.34718072040641,28.32439455869345
0,9,1.8657797075642968,3,96.5315420722681,21.470951062592288
0,7,90.93799482605928,5,57.22234606620971,44.034750711755905
0,7,66.37034251773653,1,23.57944948355422,41.70309624061302
0,0,70.35133740551652,3,119.41884804093297,16.686901979810298
0,6,72.66699498971414,0,29.276842626265573,37.843301333249144
0,9,79.96724921684337,1,103.55549425764701,39.17399250510943
0,0,42.54519834083494,5,16.28996984877779,23.64612548582277
0,10,30.917853997239643,3,80.75206651409609,34.2155538355982
0,8,14.115097096093853,1,113.71002692037702,31.634243740486887
0,3,16.81969769945124,0,33.363979719532644,26.23575990693472
0,7,3.6445283618678492,3,32.516993806939574,24.3304344668757
0,2,97.25107633499071,2,79.51380057465576,35.43352619648504
0,9,77.20382543316707,2,70.00866445353755,44.05964614500472
1,9,77.55902087711748,4,49.66735579392965,84.39805578497878
1,8,42.7071537776668,5,97.21926737208828,62.39322882653604
0,1,89.02397041147894,5,27.272980167319677,32.90812580447019
0,5,19.60153532701345,5,100.08312888045633,22.592604141177166
0,6,12.114767800062054,1,16.29673429650278,36.03212376252258
0,10,90.50511773222614,4,26.916263102259197,45.01995749137486
0,1,66.16703739982665,3,103.23625636613878,21.675835821520334
0,4,64.24945755871951,2,86.09788125606913,35.041727943704004
0,4,50.60447265939374,5,86.45117091031086,14.999943897521606
0,10,15.737419761090498,3,113.13090329378468,29.745184255997284
0,9,62.85194756925985,5,106.94837210870959,29.16199477690034
0,4,11.260954462334594,5,31.42836836866641,4.758375940709456
0,6,96.06500221396445,5,61.07398503293483,49.82069054786987
0,4,62.08856716098521,3,18.621911786681817,41.07494168429518
0,10,86.80939448193314,1,29.91140996689157,60.27331776733216
0,8,15.71913066895747,3,68.13244670782527,32.980345729476824
0,1,34.741064441917715,4,55.74252658030477,7.6136601242856905
0,10,62.22772214451889,2,19.47757951335612,53.975298428132405
0,8,13.764082983169136,2,37.31776777818778,35.12374430928499
0,8,44.10284697119512,5,22.531370538015363,32.855769568280024
1,4,79.3064308651085,3,24.561194216349293,84.64899728980414
0,0,5.337402242699296,1,116.80435243698643,0.0
0,7,43.444967648588715,1,88.78969491934001,33.51629835074959
0,5,62.738591541112065,2,85.25765447379219,30.408767196746766
0,4,55.52010280056312,4,93.30697263077678,19.166182193995756
0,4,41.80178349095115,1,23.662331508345478,36.01225622957665
0,0,28.243922516501364,0,112.13032110202214,23.254845436854687
0,5,4.211361721953888,0,38.06684447304925,43.668412108884056
1,2,16.10386919646277,1,30.687623261753693,63.13205935241087
0,10,5.835512540412213,5,30.042167292414305,37.08220297524214
0,8,63.2184633321071,5,61.68254553963811,40.327356815151475
0,9,35.121881582266155,4,49.27620352265199,34.553868672764885
0,5,17.048640236468927,5,40.58974020404665,17.05649097742211
0,8,20.11783093592191,4,70.22576181693547,29.27024354414844
0,0,17.347815457903693,4,89.05182558361739,15.842725793732448
0,4,64.68575784058275,0,40.035681561992135,38.563810910784206
1,10,39.8938446501969,0,96.90509167467897,79.64217685699444
0,2,50.915285782842645,2,27.105229747874652,23.982685152304825
0,6,64.2384943865529,1,28.841415171162932,35.77477613648708
0,0,15.46552641083052,5,37.65490020663544,8.327939177175207
0,7,33.10482041485295,2,58.97405684651531,33.11194396178848
0,2,2.3871287181758127,2,81.15042900442693,22.811227663998586
0,2,35.25550260125239,1,109.23638525264538,10.25316773805535
0,2,84.63835101023119,1,96.72480340573271,32.53700912403199
0,3,11.929013761780439,1,44.626576020468015,12.825628123570494
0,10,50.68657623910497,2,41.96878078168925,50.159835200881126
0,10,1.2885906381922996,4,90.25334640895758,21.07729810814849
0,4,12.81915176307985,2,106.16005596095252,18.33890514113325
1,2,18.366743243575566,4,94.67219723334598,53.477097906258464
0,10,57.68412549746704,1,114.43408029279216,41.39459458705181
0,3,33.631819362500124,2,102.56239306643901,20.767513552606644
0,6,96.88760650714538,2,46.448720673749,48.99342782282566
0,5,19.87512477488538,1,100.13478570794678,27.04584202463989
0,7,70.3406771515451,1,56.40853572131622,36.7081367271377
0,3,55.083854286617786,3,63.22772287377358,31.81071612566145
0,2,6.786548772841594,5,51.315753571462665,11.773323193216802
0,0,17.8548739931073,4,91.6767828975937,3.1849741654554524
0,9,96.19157683786108,5,56.586109259083386,46.748892052860874
0,10,54.74547895786189,2,106.69760478579887,39.338354581477276
0,9,8.78038700535171,2,47.88832145665953,27.982255559104757
0,3,27.3345531588838,3,93.93865205787353,20.033662526025434
0,3,80.56803040984317,3,36.384246544120465,33.68478542020465
0,5,17.41291711241586,0,41.99386429104019,34.15036208856006
0,7,37.56766283548728,5,53.82979047946196,26.04585204385468
0,6,18.34243089846398,5,96.55038448538616,20.95348888049812
0,7,92.92796948746495,5,117.69297056728342,24.484114648376206
0,10,38.725372599627285,3,46.922527018739345,40.30342344827445
0,1,61.75245978926244,3,111.5999476013818,12.295478566510111
1,0,7.617459200741461,5,107.91622430906901,37.74532361836593
0,0,52.611847572170554,4,97.86135618669725,12.983305229356304
0,9,60.04172439575592,0,77.81916671315416,49.500101942182305
0,4,15.009866032208441,3,66.67287392342003,20.727158297795533
0,9,55.62602284176745,0,90.81699903764867,44.088910919876625
0,4,34.22217409072571,0,96.88657743120267,26.802321394413678
1,4,69.16279251969858,1,94.4342641143088,73.24694754375514
0,10,51.00863158002048,4,51.50810260229893,41.887881263731494
0,1,71.54955958537494,0,112.32954626620044,29.702493756110055
0,10,5.107224953612133,5,85.11756423305134,31.051305184020713
0,10,61.079902056373925,5,92.20692828992173,33.30734182573266
0,10,42.35037258946114,1,85.56080506317012,34.723107634289974
0,9,16.918326645348834,3,69.7331896958341,33.893623485144744
0,10,75.17362729973132,0,116.56701504927794,37.256347513251846
1,2,27.76350547574703,1,61.97729916986725,64.33288161488757
0,5,59.95535259122218,4,61.325334495891525,24.491434611637036
0,8,57.0811022613553,3,22.119332505229004,38.830429440047396
0,10,84.72645240491869,4,119.44770015663427,37.614126665695906
0,0,44.60774802306733,3,92.04196758049541,17.059000094791866
0,1,48.52235553195674,1,88.48733452776423,18.81271454117616
0,7,98.73362171134617,1,100.26685970542731,47.93035143725325
0,5,22.39285017888365,4,56.965715782175785,20.030836309162492
0,1,2.7401846933265417,0,97.40602702921751,16.90271411784764
0,6,73.6703182799168,4,22.16223909435454,34.581947707785176
0,10,95.58090913708537,1,84.56798862713755,55.003361955620846
0,3,86.54052911016953,3,25.06071507748505,42.27024076078691
1,7,92.52888196684796,3,34.345278276298004,86.78789554595484
0,9,78.9370633829633,1,107.05058670195164,52.56317230771804
0,4,42.153419341261134,0,83.50735581388253,26.151641481799253
0,9,56.567254585501736,0,68.06875818508476,40.656240594965894
0,7,14.186865015724726,2,82.8132701519457,34.3048397843783
0,6,79.03883914353075,5,81.48527255309338,25.01969477693178
0,10,80.53123184723806,2,76.54131023066687,39.18874584971953
1,2,97.74380342274537,2,100.10040410627906,71.38345673390499
0,9,72.74755638822093,0,118.15825221828635,48.43638958741712
0,0,15.728422776178252,0,119.35411071001901,3.954464475105336
0,1,50.37167727594761,5,59.77502905894949,14.506658959218392
0,6,7.232876262238063,4,56.24276088401938,23.831194781641447
0,9,8.398110981216645,3,48.3951001969299,28.104370434987693
0,0,74.38718991154562,0,94.8338329838152,25.183130186331486
0,10,94.35020929171634,3,103.61300039656042,38.469668479636226
0,10,41.66777528639353,0,48.74706287500526,49.437895823387684
0,9,80.7551560846228,5,55.378797601653375,38.68962260693051
0,6,61.84829922160764,3,96.47717711218249,23.767811780877853
0,3,29.724441020839386,2,38.04813235724425,21.434970874512576
0,2,62.60947901589695,5,73.24550632385397,20.683896042685845
0,5,51.215770347302715,0,65.7596436750097,43.085685055374924
0,2,58.68066185808102,4,63.0826599134799,29.64193272821349
0,2,63.45923932244706,3,118.45902537653616,16.200911102847645
0,0,27.210305391573076,5,116.66789044471808,12.83486244797559
0,2,66.84311922891536,3,16.577334697005774,35.21140344912157
0,10,16.89927707113742,0,25.113644969771997,35.365142128358286
0,6,49.76844761392264,1,40.828990172572766,35.66817802696082
0,7,90.59687362536476,5,87.83883886367931,28.854146731910134
0,1,75.99599512234046,3,98.23823762712937,23.003108442188577
0,1,70.93260384109648,2,27.959916704724975,37.508321004909824
1,6,32.236018347526176,4,85.37673090579281,66.60006623100062
0,3,93.92495131626745,2,87.88033572216341,44.37889605643527
0,2,83.07201109426359,5,93.81956068784808,28.320292364012232
0,10,80.65691277278573,0,57.56516149635631,44.45243296988659
0,3,62.4696141936022,4,44.26010383143354,21.37446021763338
0,3,69.69356062218856,0,60.02539584580371,31.229582370211496
0,3,45.26174063828857,2,107.50731699718118,19.650555702888497
0,0,43.685065584695,4,24.54674711482841,13.608216447610264
0,8,21.9340101024859,5,105.63726739867101,21.418996575926037
0,7,22.830799035643757,5,115.76324364239646,24.611657106410853
0,6,90.09799119517355,5,76.25134411298309,31.840918302950477
0,10,47.02060349385653,5,81.1393462040079,32.30170888227521
1,0,43.40265267312837,2,73.13701287105745,57.719660193900715
0,3,39.72284489732214,1,64.79678162907953,21.824310718341714
0,9,34.95481650403707,0,97.7811097522559,41.46855792243559
0,4,93.51329687200997,1,98.63556896831804,40.59578432516737
0,7,34.70288380800351,2,85.5512617749031,28.472519175847932
0,1,21.506174670614797,3,42.66224792945784,13.288697073768223
0,8,71.12569713141544,1,64.22780058535743,48.16330179692184
0,10,20.080023543532878,3,79.05808265785245,40.54577827363511
0,5,49.57910195036431,0,62.8792022938231,26.54281696645561
0,1,82.27282607805527,0,53.08748190945479,39.4044306122633
0,5,31.115674292195106,1,36.74095729774572,29.484375906937032
0,2,32.125943927732614,1,103.64836709518586,16.960702321870418
0,6,55.74129563610182,0,105.9746142838025,31.100251050937104
0,5,58.97422336714375,2,76.23131368305296,38.32451444960388
0,2,40.9972052845635,1,15.771729976064687,26.39756084052243
0,1,65.08318852299789,1,35.36075812168833,27.563361861595563
0,10,48.53211407452787,0,92.38520400904571,51.41333891011679
0,0,48.81645873753544,5,73.98276362450625,14.148495277454009
0,0,22.93839781021354,0,101.26958755229587,19.992946895557132
0,0,21.991959144472474,2,15.060900781800864,17.07405436077392
0,8,87.91841253462664,4,108.01230901208297,29.658427662763497
0,3,31.379684925078553,4,113.40260209839786,17.5353716059772
1,0,91.78244540648328,5,98.48681926432467,64.9206787613964
0,8,3.822622347889426,5,46.30036885390101,23.292335277923517
0,9,48.290317806144245,0,57.321557665681475,41.25347710590782
0,0,82.16329570805286,2,105.31353732393309,32.168458232885406
1,6,57.84331752896764,5,72.47413940729838,69.00582280358437
0,0,60.597011900858014,5,106.80474972079219,12.561600531220408
1,8,44.82799357502563,3,42.417543407952635,73.75439585717874
0,3,42.21161931653461,0,47.18720021972227,23.34270977961941
1,2,53.85710199539889,0,25.925242618119196,70.00993739068748
0,4,0.40703071447665273,5,73.54816185327294,13.354812773420377
0,1,37.423419137897476,3,49.13514890361413,14.184838039793789
0,10,69.10286642125352,2,46.97913991373274,48.43104152440385
0,3,14.690125234977202,4,96.21321573289488,12.429307507965657
0,7,58.112143676225614,0,20.756365453243717,49.61784193305763
0,2,26.758563177911675,2,108.95615511867187,13.545015575166357
0,7,80.29022661111507,4,21.06499514974031,44.363284373252554
0,1,89.81587620750916,1,65.77115729419344,32.918264281339475
0,7,97.31147270844347,1,115.50617777770593,39.17984284830899
0,6,64.98393231758487,3,30.56561882383843,29.754465329978686
1,7,94.55272874677503,1,48.75287112768473,81.14554790323217
0,10,64.39294940621556,0,93.96909855720193,47.42610134721578
1,8,51.20688585500779,4,48.30330317844348,78.57441765700378
0,9,63.09317814716157,3,59.83657203098009,35.23391777344585
0,3,6.452466510936016,5,117.76414110897653,9.847982035457605
0,5,98.7880076948633,0,15.587817475412262,48.55012249813872
0,5,12.17836486473658,5,86.07747583533046,19.807171437905527
0,8,23.65814162937565,0,97.37374658664162,32.28029579576858
0,2,20.36144370131935,4,75.95584724684653,14.157365406015945
0,0,8.267978091031104,4,92.27034956413979,10.699571936737234
0,6,85.60145549866498,4,97.43859191979027,39.613392530821336
0,10,21.96232223675031,2,94.26714995143706,33.67358333942986
0,3,38.17402757310203,3,35.3062790348326,15.409967704521307
0,8,25.379198270229388,2,103.53620642518628,28.579299839596832
0,0,62.44286663579156,3,59.551729970570754,21.57311129934541
1,6,83.92685019836092,3,63.48113920530284,77.92660953456462
0,10,85.97246101462123,0,19.601526196083103,61.25586274780267
0,10,69.42594414773211,4,60.80465722180654,43.42384952485938
0,1,48.60189064849171,4,42.52637404571859,25.41589960249639
0,10,10.457813077731771,4,59.74862075643973,39.250111215854886
0,9,6.188622512681608,0,55.52850677282686,35.28482364901952
0,4,96.6399375720798,3,49.39979889590291,37.13972921780703
0,6,17.842535093261247,5,113.86896614370482,8.084305162369587
1,1,98.41823693283914,1,113.01343849206197,75.78292873259913
0,10,43.038671835241395,2,82.67388714369805,34.39266520893029
1,7,4.672792798848091,4,19.723118486957794,61.17159588716138
0,4,84.21014398810922,2,106.0399252632002,25.422842997622297
0,4,35.4952085184427,1,32.72558612010522,32.352396282965636
0,8,43.23571899363598,0,59.05546022306093,41.075899843281924
0,9,17.733171786337987,3,80.60420304617982,20.555004732643106
0,1,84.28866039810345,0,96.96702780950767,27.65771999692319
0,0,33.65419992159381,3,96.61414424815257,9.527044511600625
0,5,42.240591462496965,2,76.31631938498253,27.28327097379353
0,4,23.596637082764403,2,31.85373867671955,27.730598434261605
0,8,78.70837563359811,1,117.0883886307107,42.09456091022064
0,5,11.491661782150665,0,15.406971126804232,29.511872655775218
0,3,43.70921134795487,5,45.801159597581915,20.973207642203803
0,2,29.653631505283307,3,117.4748801222199,15.20131945993532
0,5,17.379507196300825,4,113.2997705992321,10.03431279707386
0,9,8.871289779188862,4,46.740317574291346,33.014492195217514
0,3,58.311705925826665,5,23.249575393747932,29.441195252116117
0,1,37.281368635527755,2,38.15851433907417,33.98211697780823
0,0,29.1102341786449,1,107.78146699513051,11.259491031931862
0,7,40.19269400706123,4,22.025868700212325,36.662134814499424
0,4,93.47195899867937,0,44.41762952504974,45.732032950971785
0,9,87.8177969098429,0,92.63993000194488,49.43733397284954
0,5,52.86420175072018,4,70.59187381856476,19.1169093624654
0,10,22.97038273645404,4,80.16679500931468,29.95964777280517
0,0,37.46271033773223,4,19.13497628241671,22.6145068766428
0,1,54.05056305907324,0,94.97551737013298,26.54296544963995
0,8,71.44616297587304,3,39.584351480498015,44.56901048042946
0,6,87.06806227591424,5,25.060815049351252,43.836337855747665
0,10,67.6796263229231,5,112.3911085467125,26.914448320866512
0,3,7.203280663182587,4,26.907228026524546,16.305586562391543
0,2,90.17837484486667,0,39.16233894939377,42.78447456147346
0,4,47.29908051220271,1,26.811714385098792,34.87778841134413
1,8,80.86654639589563,3,86.8815516509969,74.24468545037054
0,10,50.12502356059538,2,76.01164290805798,35.40703603986916
0,2,52.86029627249277,0,68.03843528091632,26.385925365339485
0,0,38.284371204416686,5,17.244007377452018,16.115508904371154
0,0,75.0788527999062,0,73.34623386762767,32.171001574551326
0,1,48.07536047276248,5,34.20007847992321,20.79896069888036
0,4,52.03345048743181,4,116.83192123217748,19.3516869404593
0,10,26.078173030130912,2,57.48803119175705,35.49878415834533
0,7,64.87134050659257,2,44.17583910331577,41.720711674322146
0,2,32.1140237622865,5,107.94255131229181,13.46443667153745
0,9,55.926466336961234,5,38.289302684904186,36.396013218673446
0,3,24.371341304568418,1,18.74106136721668,22.775543866851862
0,8,25.004522472206116,4,42.09262977050719,33.44332870001911
0,8,87.10958508323867,2,99.42322174243036,42.34124300715184
0,7,24.893644252793955,3,71.99020271906545,32.3276438342402
0,8,12.438028365725984,5,34.7856515803205,24.70126773860767
0,5,15.064128532301723,3,70.22334594097725,22.143977312394924
0,1,83.96253627202567,2,58.990342746079506,26.000108770679
0,2,71.5389133656249,2,36.66084779762076,27.50447151856622
0,6,2.053694363819414,3,17.34264226177052,25.70477847561184
1,0,98.90293522234347,1,90.58146761015503,73.82543438624519
0,9,9.646125036165332,2,41.54542256924284,31.74467620269565
0,2,21.941349861024563,3,23.945578004222646,15.207914466026516
1,0,46.95676734721591,4,67.41646148514467,56.576411384356206
0,6,84.99626340344086,3,51.7816428016136,41.943012267723006
0,8,9.118452503593277,1,49.0913792392097,39.372973085543805
0,8,24.56506630129722,4,23.677346884334327,31.77240197055912
0,9,34.28075933724376,4,44.645163072506236,34.371583321065714
0,9,3.4387641079583697,1,25.962092794683475,35.858778669642135
0,3,19.227173170676892,5,36.61588841161815,19.942401948655913
0,10,69.77324124634985,0,97.84065423861804,45.476814728849206
0,0,68.6329613894665,5,106.86291482144685,16.88810264212033
0,1,92.84256477800224,0,102.48367018733958,29.480586152771558
0,0,15.666634499531485,4,70.5408076789989,5.0543986881991465
0,1,90.98643409267842,1,21.001206321471866,39.83204812550414
0,2,83.63313591757061,2,25.223574509247896,34.33007855125994
0,4,62.57487228299413,3,70.19397712666266,24.798715601867944
0,4,78.62633471034115,4,37.95256947289222,37.98934355987259
0,10,42.92439515742085,3,77.16267808662082,47.10846282472282
0,3,30.799757739676036,0,97.15454039671516,28.825136545953224
0,6,26.179855641952244,2,112.23625834221329,17.915408342046526
0,3,11.00273720350513,5,25.464692271604953,20.87017309326163
0,0,2.917812711946166,2,88.9504112418487,12.398916386132008
0,8,64.2799539338116,3,75.55345792066636,40.42279723096304
0,5,25.336656574071746,1,66.32892431449632,33.66056763921567
0,2,83.98681368081536,2,99.6009860586264,33.81515967626889
0,3,24.183761841672524,0,67.85753621784683,26.521744284627296
0,1,8.354286647653774,0,50.0261240884015,14.424553744956516
0,10,57.51020866605789,0,70.04341695301135,38.9115268250124
0,4,44.391315205394164,3,116.51427767543673,19.826652749596697
0,7,26.47019493459064,5,18.972012890945656,21.28802397313188
0,0,79.12804653643019,2,83.38119649974892,27.397159053997484
0,8,70.49992150168814,2,16.861471343560797,41.92924187584935
0,10,65.04029222511122,3,106.88049591240899,37.63411419601644
0,5,91.65387759058846,0,99.71498873084371,45.99224749863837
0,1,40.08088552325212,2,82.16485326142327,19.70128843019463
0,3,11.96909285162604,0,53.496471632817986,27.09236288241362
0,10,80.37616453634513,0,64.01449985793792,50.93731669914052
0,5,13.034872053009627,1,28.546172049507764,31.810286428350707
0,6,70.32107865849413,4,17.21612485231035,43.67085988954755
0,9,58.709788578242225,3,18.984417145976128,48.17860146999561
0,9,19.588993916867203,2,60.618952894875214,32.032882678159375
0,3,57.29191695367521,0,110.94630861422608,31.372105317546314
0,8,48.87595982297138,2,101.39046636092621,27.36352081263371
0,10,18.06364806390729,2,101.658421528834,30.610988712674267
1,3,17.778466771486045,3,74.85349852689025,64.30095501224282
0,1,54.77886443106262,0,38.39055980857482,22.705373746728135
0,7,71.96007690330836,3,66.71613253242423,36.127629314141856
0,7,79.96922819105119,0,112.19232914191484,31.844041150502846
1,1,49.384736971728714,1,53.588679416332056,67.59482489966949
0,10,17.676537766209886,2,19.03862574279798,30.48671035654713
0,3,4.6177357291365855,2,19.79495358644314,18.80116530101986
0,4,29.0855703663217,5,69.67470279048797,17.586125892661425
1,8,15.951377332745832,2,60.05796021958885,69.35189900317278
0,8,69.9747406033095,3,93.82328213770624,33.208243003362334
0,4,84.80542548738231,4,48.172116293431976,20.8279632210739
0,8,93.72457024697896,3,64.89788888139155,35.94055710062002
1,3,89.64707791351992,1,21.93692826077374,81.24200083388929
0,6,58.92587666682869,4,61.602843622837774,36.81656146127931
0,4,51.17220818629954,4,102.70743246656377,27.65725687245073
0,10,82.22225921336398,1,71.79088851626923,50.56634858236967
0,3,35.67362323519432,1,34.7677692166424,33.070910647169455
0,4,16.96301612618354,4,16.7296676115527,26.541261762060458
0,0,83.18981702314649,1,68.36251839897562,30.277863251083076
0,7,47.506298542745384,3,22.88079728312237,33.731340163031476
0,1,13.507461692632528,1,58.066957390130355,23.43594573087281
0,2,1.955923935760473,5,88.10856226090664,2.4461545500758604
0,1,72.61813078934713,3,80.37277668557817,36.69137001880452
0,4,49.338166067142645,2,82.52831632173323,35.395114934140345
0,0,7.487083515656057,5,94.87651169548067,0.0
0,7,52.45802487379082,4,24.786249410197858,35.38058487683479
1,6,16.07924485274822,3,110.29794925357594,57.522385178831506
0,1,73.47928295974437,0,117.05420847989348,14.389304540938198
0,9,6.900077231337121,0,79.3768328240614,35.17844871103827
0,7,76.49573087324592,1,36.29360165244971,37.64997425962328
0,0,74.02828349327156,4,45.07813052778288,17.7560774516416
0,1,82.65759664790939,4,60.44690592583165,29.472545550861582
1,4,23.978607689173494,3,44.00902578762912,63.65742725524061
0,8,33.16297632122585,3,113.64544556748713,24.130656992899908
0,10,1.6146896730592553,2,110.52764995098374,22.14577319045303
1,8,5.357789311154793,2,110.76430431221512,69.13401323972015
0,9,55.88679891478353,4,49.97156802904677,38.52682985956411
0,0,63.914308782651695,2,54.52751986392386,23.93401149029408
0,4,26.659237339493437,0,51.14007692096253,25.14065882862368
1,7,81.75225152285336,1,48.3370159841514,89.2882526421176
0,1,68.79760001979996,3,49.966856171356184,24.337757261571
0,6,57.39434350913679,0,117.56112286203734,29.95755208136272
0,7,36.670991351358396,5,53.91060659516053,28.396080174191113
0,7,65.11957090377439,0,47.380252095239854,43.47406088073004
0,10,71.40946837042358,2,119.93583133924344,35.9728156258366
0,7,11.389956925979238,5,32.77423489682027,31.114563453796833
0,0,32.599098808796064,1,73.09388356199011,18.06791323227705
0,2,30.665315637871913,2,56.18152294929107,27.31617679398265
0,1,7.899999211945619,3,101.96812916869027,9.42802006415524
0,2,4.195636052511831,2,62.41315483469507,12.59639994098788
0,7,65.31395257908528,5,62.57203813850711,34.019158125506976
0,1,77.15750337958933,2,41.209335711765696,36.88265423422766
0,1,95.35287277581618,5,20.158280714687315,32.41101512755916
0,9,80.24879985722167,3,43.89963530942194,49.211585054589705
1,3,68.38770368046426,5,18.737190175457147,66.00718886238946
0,0,22.771887790153368,3,109.02657777389521,7.571934914218517
0,9,96.08887835278853,5,85.65535546525624,43.709686878959005
0,6,83.48358462956668,5,111.43480130835901,30.964979773782094
0,7,81.57590259487604,0,66.33021817032899,51.56488470748659
0,7,28.04886147161263,2,27.97905907625984,31.680533218737363
0,2,72.66167631126211,0,117.00698452008284,29.390266747247136
0,1,15.027329438510817,1,16.76813338572071,25.602696791149558
0,4,98.9820847160628,1,73.83627881129047,37.87034768225443
0,3,35.47532690257065,0,63.102352227388494,24.274683202082308
0,9,28.277883198710086,1,62.10555485474195,35.669967132719435
0,3,80.26455570230848,0,68.84582796223776,41.70513664277037
0,6,26.796732317352788,2,59.25911601921636,37.90148814234612
1,0,24.67539856871872,1,17.169707678388637,54.79523744507418
0,5,33.57245113731429,5,87.16767557149863,12.91327235991882
1,3,2.3720740103448823,3,71.83034457550788,47.96798594740239
0,9,94.94811890857854,1,39.933563556274954,44.512348376399345
0,6,96.89189409486497,0,29.801722861369505,44.77273968506716
0,6,62.298056981028694,3,48.39715245293684,26.956687507068054
0,5,5.286688774036518,4,80.0111402936354,16.44669127616597
0,3,61.89338324821638,4,108.83252879130512,20.446962569707857
0,0,94.95143165554882,1,81.6697029492383,27.958226680059816
0,7,95.27040092423094,3,98.36463874446375,39.92211968671814
0,8,56.75738680536344,4,119.15289009322919,21.675241850312382
0,6,46.85815952744468,4,118.31262759391541,19.15632060053843
1,10,77.76646600483896,2,26.697971977619556,92.97647974338769
0,2,75.03192168847738,4,58.86211565835868,23.760273952724198
0,3,35.76507157430081,2,65.73366881379847,24.190836435944842
0,3,97.19054024670926,2,59.33861103684718,37.63589328977283
0,4,22.41323908416728,5,24.303979620629494,25.21741357284952
0,3,39.166968920946324,3,60.482337101930675,22.94789085504345
0,5,67.23216371044136,5,55.727523670636046,28.893738528558533
1,0,26.972739637569198,4,101.02774075159414,56.24949130092071
0,5,71.55582162706848,1,118.91623907133459,29.6793201775882
0,4,66.9128170888435,0,96.68726970708872,34.95017028049691
0,9,54.1787680259065,0,81.98109635328971,43.60961337664118
0,1,20.36871754823829,0,24.157446973038155,27.035513928568996
0,5,14.272978269221081,2,92.76112144366209,19.146909070501746
0,5,32.54399086979267,1,68.32557779952117,33.13453497282853
0,0,8.320916222698116,4,68.45304315775755,12.208282956004432
0,9,13.648640982187832,0,62.01381941239522,33.13302555652123
0,2,96.58723873873714,4,29.803069219440637,29.914088801253875
0,9,71.9141069757662,2,115.68354683726433,41.66022912044486
0,10,2.7456144446027952,1,54.98042719036427,30.304966798814814
0,1,66.99070471829461,5,44.318942845685406,30.859929106255045
0,6,88.58207824157056,2,105.76875993009966,41.60493253168928
0,0,59.27234597333594,2,62.27096621210727,23.61138759404431
0,6,37.926010423023584,4,33.65928050762257,28.328367710928397
0,10,59.75756651962671,3,97.43129279823343,42.48134313503699
0,9,4.210797995563398,5,70.31799271960135,18.862401912062403
0,8,30.909344810343786,2,30.54768139662376,37.33794640728347
0,9,91.474314991095,1,82.98114066194377,54.03640450322334
0,4,9.723750279554855,0,51.09492807251151,29.69788955024987
0,3,77.90849788322903,5,71.69718822303811,20.9128650257612
0,9,73.5042114335926,1,86.76656241333569,45.24686218674984
0,0,88.08802421271945,0,70.72168396402213,35.294376585926365
1,1,65.56066782935905,4,49.09007825496725,65.69388591655346
0,4,5.726462968496094,1,54.86232073167058,16.21556609544256
0,6,95.57284320321439,1,98.27037396324161,40.22358207315967
0,9,53.86904012450113,3,42.02937541227053,41.304842761720636
0,1,1.8969248449923204,0,86.9459495091425,7.013275670217224
0,1,47.95050862536745,0,105.30298117115126,22.842202997427588
0,5,27.056951219562386,2,91.37561870257102,18.70305842851274
0,1,11.221498976767974,0,45.46492113759294,26.924379646049722
0,5,44.34001756563665,1,105.9773230063968,31.817352200040503
0,7,11.728080960512399,1,107.45941544721894,31.050529458248576
0,1,26.914427546845555,4,75.06883029984502,20.192381283773585
0,3,29.99369981924598,0,68.52441563923031,28.26196771767644
0,10,92.28579282998905,3,86.5670659324404,47.45427297476845
0,3,0.6299034369330547,3,47.68626875982314,17.279933565786056
0,6,62.95587181412301,4,37.15522345212483,33.59387987663543
0,1,16.232675607418855,3,83.3971783801325,7.855484292302792
0,4,29.754385076763135,3,97.22062203972693,26.69827343570172
0,5,7.526373093021743,4,44.11424529520109,24.77065791437883
0,8,6.903504820291939,3,103.52030822703735,33.369799013767825
0,3,86.41832956564993,2,110.14386141366771,29.30799444303432
0,10,85.96304326756253,3,110.99865106258017,47.612314775476854
0,6,16.80450509892927,4,42.1619884139108,31.53173127252984
0,7,42.19103518779341,2,64.70575259728992,46.1548880578237
0,10,41.23628308354203,0,65.70967404051858,31.181799951857545
0,2,23.349200231165234,2,64.9084486057553,23.795885101718703
0,0,33.81060434973754,5,87.42351978542118,15.792718751786662
0,5,83.33707776698841,0,32.49881179608218,46.65482382689238
0,6,29.566218570238323,5,59.19396642479805,22.481844919357183
0,0,35.08768745666796,3,60.29957724360819,16.813884599272413
0,7,72.61084764788644,4,107.94839503060767,37.95448983888406
0,0,91.58898921022708,0,19.303291249210307,47.920767329319304
0,0,62.63485195865298,3,29.993313224567,24.02765009544501
0,3,80.8676862157919,3,37.06113384239177,34.077333685642635
0,1,78.17187960778395,4,39.117318397853566,25.933330282524086
0,3,94.47453885487847,2,107.25956787070767,31.79425063135994
0,10,38.91862138003492,0,43.058295074582034,34.268142051228196
0,0,91.75071578038634,4,41.48146108846128,31.87807993835978
0,5,43.10666873087445,3,91.16716389069212,37.473396583203
0,0,60.89945118602573,2,91.92731683570969,18.337535061628408
0,7,0.6846345554260225,1,71.20599030164718,23.143215520473735
0,8,49.83238856332686,0,98.46541462392119,45.24297719861801
0,4,15.716046059811939,5,80.60819931061627,18.77036116714547
0,2,93.63422046113364,1,114.6444120054261,37.68964143762932
0,8,63.82438676431398,4,107.2870069824462,33.226317615089684
0,0,76.29268015836278,4,99.428732351315,14.268361842609497
1,4,30.673296103772962,2,71.98112623504495,68.97878384340969
0,7,1.2598137267424647,4,56.894859172027935,26.727700708024745
0,5,16.896392391234027,0,50.956758075649844,25.13519389511427
0,9,18.54694816638698,5,108.31879780783483,15.939270652725664
0,10,27.11124835938209,5,88.768495084693,30.207435209371145
0,2,53.822163797068,1,107.2497919741747,21.87570515248237
0,2,53.48796352938966,4,22.977722998707428,13.943667719135522
0,0,80.1783936836458,3,109.94596212018358,21.297224223191932
0,10,29.78163952877444,4,91.77112874896117,32.69694158188949
0,0,68.97080348968841,3,92.36376727730251,16.59770956979909
0,5,88.67752896034368,2,16.955357839414,45.89604813569869
0,6,17.7915032951802,1,89.18424000157206,23.189826111649882
0,10,70.9213056163343,3,50.04591589658516,47.544008436517736
0,5,73.26409931056746,3,17.100738844296906,38.0184212209847
0,2,64.95376902249079,1,65.70215931380883,34.5348054758057
0,3,17.25920011170785,4,57.394722709960924,14.144316435982795
0,3,87.98873234115362,0,59.88412880265489,35.18472936079939
0,7,32.244398531021425,3,38.52065094735185,30.14025157227423
0,7,53.588989212373136,3,93.84190748900257,34.045541228973
0,3,91.11462270298321,1,38.21502911767016,37.63481427990414
0,5,88.06152429497727,0,87.62331544590093,30.854753848792438
0,2,17.72026967275775,3,47.93983348817178,14.735943004773512
1,8,63.497108430379654,3,97.02103177758299,68.2564500900268
0,3,80.25651749899953,3,89.27816092273144,25.26296735000339
0,3,16.686681434051774,5,77.99379550022341,15.35142622632143
0,6,2.8216260153585804,5,65.43429465570914,23.353730378547656
0,7,68.06122960093766,0,74.61100695922063,45.54704303911264
0,2,93.45505383314789,2,118.16319360646152,28.68985086828423
0,7,24.68758608115579,2,116.88477417442078,19.52242437146752
0,6,88.9142914524406,5,87.56084846444918,31.760802748886256
0,2,72.66662772983953,4,117.57912329914846,17.270952246200448
0,0,93.6261730985332,4,16.80816687508957,32.683811956214015
0,9,18.890000043263388,4,68.96966678843144,25.35060049960868
0,0,53.995313722314464,3,75.90391060581355,18.17895845862323
1,9,21.303264754965934,2,87.38842608651828,68.41978674553663
1,0,16.89549944157124,0,102.18431010962439,41.8320225834167
0,2,78.55355004267106,3,68.16022900782335,21.637874967426615
1,5,32.21157811324219,5,109.77900718895796,60.53215007696825
0,3,25.573216761719564,2,30.108316521783,22.025314730058764
0,8,96.05881543882808,2,73.30561907938228,41.55493034581708
1,10,87.56011381430882,0,100.57917608773906,90.12375803931988
0,3,31.344132934412762,0,31.02699395492667,26.537420564908203
0,5,60.17489260789295,4,56.47639196659689,37.33024728590259
0,1,68.91574356149405,3,109.2903204706452,19.66561032050815
0,7,18.135284592663936,2,47.93249051177917,26.719651727106317
0,2,95.03401627992278,4,40.77264008505059,29.554599107823208
0,3,79.0189802846011,2,22.843406415189122,35.72438518248712
0,10,81.58047375626606,5,115.53902941552676,28.415286856352402
0,8,19.58941656705043,2,108.03931022658386,29.47443156798861
0,9,37.82469080633548,3,32.76400484094401,34.02268225324601
1,5,47.80060360332673,3,118.66234486651736,57.56703433130539
0,9,22.186539765649506,1,112.70972798844274,41.02675557064605
0,0,21.45997450780567,0,57.38043531719055,23.77692004472985
0,4,12.469226163376579,4,55.52287651374109,20.575562539833697
0,5,4.209150202258494,3,95.458963862277,12.316267861223185
0,3,25.020939234739224,0,108.00958142754234,29.82468083334789
0,8,14.771744016208588,1,114.74018505532455,30.19822735636737
0,9,61.56803006856616,0,56.177363756045025,47.53638172567649
0,9,94.22192047629913,5,115.47413138535134,46.157071172534096
0,1,22.10934063313752,1,54.47606696790583,11.024578984749244
0,3,42.12343735806067,3,36.01331684572037,26.315254913510007
0,7,44.63341643275247,3,80.58699246423296,39.347842421488
0,9,84.41229617122654,3,48.40543879629514,43.79195192219787
0,10,95.76343330580875,3,117.84254866995352,37.24721519202118
0,7,87.31169354434557,5,78.67217321588886,35.21342750646462
0,5,16.736112171281516,4,100.59969938095746,11.977968318096934
1,7,54.303272155259286,3,50.45623061539284,80.03238484117071
0,0,12.046772455233267,0,85.23439050288341,16.944494994363318
0,5,11.859150406318564,1,55.468714322274394,34.363969311628715
0,7,43.83044107706713,2,28.929155471543933,41.04329367999632
0,3,95.08823069905125,3,106.55117136949505,29.02749696367815
0,7,75.82191050468614,2,74.24298698459663,44.39851503496958
0,1,41.190308505968574,3,103.7437041937844,11.114701881343176
0,6,15.53686697233122,4,69.32133921779146,25.181505651035664
0,1,25.274937561393973,1,77.15361118461742,16.429651613065527
0,8,38.30037096043893,5,38.758285395867375,33.99741639626522
0,7,89.42460452018626,1,26.567595226798286,51.05725121745989
0,5,2.8921507385808454,1,99.07695632161078,13.375376590442881
1,6,90.20645301431996,3,25.64934148620255,80.31798605344936
0,3,98.06443452886423,0,39.17096503732586,37.577421634683674
0,2,41.229709627054014,1,97.76759904446487,16.652734290895786
0,3,42.877207285352014,4,77.9380135932079,22.00150893688506
0,3,73.77304508242004,5,112.67963232544062,19.838901308584077
0,1,80.84924505559175,5,58.27237642685892,23.38682688557787
0,3,19.03579778297717,1,103.73439378612449,18.8902322852193
0,8,92.79210725844548,1,43.987661417261705,38.678614803526116
1,2,95.25180248355716,5,23.661477009185184,67.54636679517176
0,2,8.91405595684207,1,90.96291800377067,19.18033575223526
0,10,34.152258826512714,4,94.82276425071747,31.04431926459861
0,6,51.687045916025575,2,86.71067062377337,23.68842082389235
0,4,58.27604058239785,2,47.92794541899104,37.4901927415257
0,2,62.428036018843414,1,33.15015695641006,28.15523605523614
0,7,35.52161722214701,4,117.09364453618016,27.250082329037262
1,1,55.58227128921109,2,88.77852198145378,64.2788194620005
0,5,65.81576840203208,5,83.80587649630277,23.316706297373265
0,8,29.82301469193045,1,78.19483018270886,31.479556522018285
0,9,26.87166506324382,5,30.000680310939654,33.73788726436123
0,0,26.49822245474409,4,94.897997282915,13.887973275042912
0,7,37.34626500962377,5,77.53595741215236,23.726456476624758
0,5,71.33792203692126,1,36.53013443509026,26.395650554685755
0,7,4.144286833421695,4,31.384714469825663,21.405073952370845
0,3,63.60251186055098,2,117.3035529966565,24.747875036621533
0,2,6.118630726693064,1,76.23012901944914,22.014419577543848
0,10,98.38881291571819,4,114.39918319989391,48.758616789921696
0,6,64.08566229155616,5,17.105982480837056,36.853719713466184
0,8,69.09565632289623,2,102.44132084237556,35.426730377140274
0,1,88.58236858303832,5,47.01407524502727,34.010244895952944
0,9,44.01628965992218,3,76.75080038950354,24.121733741910038
0,3,31.286926608940803,5,93.34241104110608,19.044053543483134
0,6,39.03842565171044,1,73.36895421178394,38.55370871399121
0,8,65.5443493983815,1,85.07364385672705,54.13689604190179
0,7,70.31740107022912,3,18.723780054331648,45.6256778050544
0,9,31.71679292553805,0,69.75374324200394,34.796738312228655
0,1,11.785758493045195,3,85.61852044614061,15.613806719650317
1,10,57.40342173695908,0,110.58081748496834,88.70542192947703
0,6,25.56191560406347,1,32.04558165153518,32.09358467094214
1,0,66.3884334908205,5,100.10909349070515,54.955633719512434
0,8,52.56768047625633,3,37.050678438504306,46.60029732201484
0,8,41.31343895074021,3,118.57151287641777,27.81996523797868
0,10,37.49748670122437,3,25.086134418624816,43.41733073394059
1,1,74.0414380109324,4,87.07099917933753,61.111437997309025
0,3,13.844048869751735,5,15.764719245322663,9.759206066184998
0,3,90.77195080155296,3,87.98911765059745,37.462521234259
0,4,99.49916643640799,1,85.97464974228345,33.7804734427538
0,9,56.83839504365357,1,38.1248301351991,37.146935860305724
0,10,58.629497255588625,1,39.06055623455788,41.33824874033294
0,7,91.68334191897809,2,87.68721926142933,43.45075165543244
0,10,24.210105143854676,3,106.39788641563538,25.441625587067982
0,5,29.876842793971925,1,19.75357184300663,38.86191929431862
0,6,14.708192854852243,1,84.45799040771486,22.857565952468992
0,5,17.493821707094213,2,112.55894711814008,21.22427431367937
0,6,91.30185481236039,2,50.825611457840864,45.04524535422207
0,4,60.67572138944383,0,33.390772455723784,38.39111672485329
0,4,9.401330574109723,1,57.153821290843446,25.40508362670331
0,4,67.35745407440787,1,81.681643186139,22.9516650082911
1,5,0.11993390646388713,3,114.65532296055189,54.41334832185501
0,7,53.754395205556094,5,25.446994757124195,38.209114796839536
0,1,7.218369500783495,3,75.83920521097849,8.33412956360767
0,6,14.005890190890558,4,97.21433632433703,28.12160639234631
0,10,99.55640708315919,2,104.58679741771397,35.41735384950594
0,5,27.29533009791555,4,86.02606723208667,16.22955908546067
0,3,32.64037711175261,0,90.73429821446159,22.559022424440414
0,2,29.531069750327188,2,98.9204297452258,19.764875502305582
0,7,87.89496071851542,3,88.82764945709016,41.445014723022815
0,3,72.13881137572649,0,115.8559491051829,34.597898390422365
0,7,20.94019581700519,5,35.88903565302774,37.976423514573355
0,4,47.485012911470434,0,81.79581730119004,30.7830810912987
0,2,33.41793350649625,0,27.346276068928688,25.277770138777917
0,5,17.538947814347594,0,102.24863152653309,29.43460158394961
0,3,32.86046018237789,1,50.54162858007613,22.556029510194318
0,1,68.94301452738529,1,88.17847711860146,17.94534558412304
1,2,35.367414470134484,0,28.80431780901501,73.77399410860728
0,7,11.721345156903084,5,33.20407470004553,24.540712983574615
0,10,52.044271329225076,3,56.08420508239166,39.086762977030396
0,1,37.950344200018826,4,23.559867857415767,29.351231086770547
0,6,0.5344392015871335,1,79.8404030417737,25.137789775148256
0,0,39.64220945743892,3,101.10917072020295,12.725548086464936
0,10,28.404327161214372,2,96.32963135128091,34.29417849667622
0,5,89.25426992958782,1,48.80388578332129,47.7976014389816
1,1,73.54371917316585,3,106.8148647883734,64.85188642812139
0,4,42.663764495509696,0,89.1726054255924,31.305618792422685
0,9,24.909472003919973,0,24.908097075808353,52.67900652708677
0,5,37.66975545762952,1,101.22231447206754,27.151303938119874
0,6,56.72657787094681,3,95.75035254458147,25.815370838169923
0,10,66.3233462519593,0,116.07880958859263,43.17056415999351
0,2,67.44766932009964,2,78.57071231224562,31.205764691556492
0,0,49.948085021245284,3,51.84754344180048,24.95790504206004
0,6,51.81716588092422,4,116.20798383409765,15.522905011836938
0,10,19.665178840058605,0,93.78438091069495,37.038396995985714
0,8,25.056639875604127,0,72.43261964550389,43.28927372161616
1,1,71.65386490768869,4,64.23206622780194,69.21447372442972
0,5,77.73219004060503,3,90.88417850756993,32.78506006223659
0,6,84.04431511200058,1,29.818598636134777,46.908330707660845
1,7,90.0982371788914,0,92.30442720047205,86.49907022975718
0,6,10.674111657119544,3,68.07426978139254,21.995765373992736
0,0,78.70966263871708,5,109.00387867528259,16.192354766352672
1,4,14.272131698164225,2,35.480540426053665,68.74233688683101
0,0,17.559979920274273,3,19.815352789423883,9.102819630737283
0,10,66.41874273410329,4,105.77318318006773,41.20691159766513
1,4,52.83346840149908,5,52.381348178927766,70.97775891223016
0,10,94.5419646773907,0,78.68826207663463,44.52854577266966
0,8,19.247148324802776,3,17.779848494132587,37.017984320122295
0,9,14.23286262128416,0,42.329672274262286,35.62826401962078
0,5,24.806158698389112,2,23.292956561281002,30.342383702385003
0,1,63.1948358400617,1,47.65697480335813,24.970550028516797
0,4,63.68510964259894,3,52.21504595253501,38.41414009601529
0,7,30.47426431961233,2,64.66008538050595,26.27215529870898
0,7,96.27460880136887,2,62.715263352095285,42.80643665796264
0,8,64.34629138494348,4,59.57171392819874,32.6791124477632
0,5,39.63100814333879,1,50.30811009732026,38.14859044556093
0,6,98.1431150170647,2,64.93885208971474,39.41177700857414
0,5,5.680013549171548,3,69.21920768943122,18.739736178149318
0,3,11.872448548625448,4,45.127960739625344,22.987584931415856
0,7,36.17195412337595,0,94.68274514644716,33.97281596108506
0,5,1.7829798523020801,3,82.25282766268028,16.39839183493268
0,0,41.58874802018359,0,57.30745964340155,19.928624971904036
0,9,28.75830786735525,4,37.34865590236675,34.12596008146285
0,3,50.58210198233646,1,88.49618356808845,23.73576568700761
0,0,97.30537898949184,2,66.63290667150245,40.40879113226552
0,2,97.93939434900267,0,110.85301361518701,28.718188907082588
0,3,28.823429624948073,5,114.93985184420212,18.857729191862354
0,3,33.365878849820284,4,98.32376802830231,9.36119930466674
0,8,41.913884537177324,3,83.29451597205323,31.191590404396546
0,9,27.65388874678594,5,111.1537180868576,28.694762835999654
0,1,25.16033249692775,3,26.926329970520573,15.323691383250612
0,9,95.04541765294758,5,24.45699283260176,41.85450900634879
0,1,68.5831868832694,5,79.41742256486916,14.945003216060364
0,2,4.224215309749169,2,79.35880720335973,14.079822636292635
0,2,45.33182543990274,3,96.69566555631289,24.704518521598892
0,6,98.2431548109406,1,116.73179432947042,31.76450423016006
0,9,4.079035687530386,2,106.69494870300569,21.940189688471325
0,3,87.15971798407087,2,41.236717058003045,33.69697556641074
0,6,63.01239618511476,1,16.9230394729094,39.02497132876387
0,0,74.62437415712185,3,54.68970288693305,18.52470854935804
0,4,91.61494074437792,0,34.999287808686596,32.738302920116084
0,3,75.70770551365827,1,32.74778941269075,36.513962494675184
0,6,71.66566733541221,0,111.28286618142617,44.68539667235703
0,9,86.57809816569281,3,35.87394382107881,48.44646838452502
1,3,53.25786219873731,3,65.81217568670802,69.29349987999436
0,1,53.03328165032566,3,33.157588091467154,30.837741280863227
0,1,40.636571310906035,5,103.60097834052665,11.022544057395598
0,7,44.38457770898921,4,56.66386549339305,36.21297677347557
0,10,93.98121735788679,0,45.134098592522804,49.98206953781134
0,3,60.07669404963237,0,101.83230112467076,23.649591878255016
0,6,14.943699768169083,2,15.158524776450214,26.021772367458865
0,0,36.74685070236039,4,63.40720024904068,10.79701125891932
0,2,84.38867170255573,4,76.10210227455539,20.112335587900052
0,4,43.632579088256996,4,114.77593658485037,23.337196129697638
0,2,66.86317331397763,3,47.59071108454079,31.436066923587678
0,4,26.555831408879783,0,99.84112819729224,18.19703163968363
0,6,18.681103796340672,0,29.51003572517027,34.17723703961094
0,7,52.4547592267311,5,25.91275618171253,34.32902023994302
0,3,23.965066771055444,0,104.0927988090987,23.364596319940322
0,10,34.27952096055997,4,47.57959530736171,32.53261861116366
0,8,35.8755586551163,5,105.90934136979793,23.91964973297922
1,9,37.88821136446414,4,38.458350267116415,75.56310686077724
0,8,17.171246910480942,1,41.970606815353605,39.11428465179996
1,6,27.704287749753775,0,69.02086752606007,71.12617465785885
1,9,83.66802914013999,5,51.8949056681311,81.31446204708602
0,9,13.772081346761865,1,81.73216190895837,33.43040996982517
0,1,52.51538975469497,0,49.64345321562765,34.85838752313581
0,7,8.962016969469977,2,89.62487824372761,28.63980294709134
0,3,62.03502593974961,1,46.509967261652505,26.597553815647906
0,9,4.14597929773387,0,17.613143369562547,46.41167925625877
1,4,2.284245307076338,2,41.31797584995764,62.97779018843827
0,1,19.697097783373017,4,88.91498168539104,12.028818341014931
0,4,90.94561337495614,3,51.563091437296805,32.958810475241414
0,1,43.50615532178187,0,103.67432827030422,17.97402052283515
0,1,11.899771409603598,5,88.13861651663326,1.5621942897664916
0,3,37.032269904469985,1,87.75771864842446,18.275163718993824
0,4,32.214646912877896,0,105.81009553244357,18.109853824535726
0,1,51.48441263661082,4,117.35078630975426,21.291181439769254
0,7,97.21838198426246,0,111.54478483638067,40.79450649470665
0,1,46.10205825704534,3,29.415825791924274,26.553596673375235
0,8,79.13492146138597,1,67.41029743973725,49.177627344493914
0,7,54.773271408998426,4,103.03184016706237,32.20734951733292
0,6,78.99678338267644,3,37.184909656016735,39.28355160307453
0,6,78.09473508270224,0,60.13759531420349,31.861077788820985
0,10,68.48533239763242,1,33.79825379646722,51.1654212545268
0,10,39.85597821112125,4,98.71372235184582,29.442590364749
0,8,4.437763098047176,1,117.91621802545492,20.618250740381608
0,2,8.281923700253236,3,28.92458183805663,26.00629282051128
0,9,39.315102709748174,5,41.56425976190594,35.107319288674326
0,8,43.74032435533592,2,16.27446862659507,48.10209877901076
0,1,32.376602908973226,0,105.52776420825919,25.026846743979156
0,1,72.67723383373458,4,105.36725938312688,20.03251054240196
0,7,18.179481094992013,5,34.12227570932197,32.252875900558536
0,8,9.338738268361823,4,89.5992183535127,26.196468242447835
0,1,64.66276208271557,1,43.06279665385255,24.33766941362799
0,8,5.240495736943862,2,94.54270154940427,26.99580727750496
1,8,48.80993222197449,4,43.52856931840527,81.17859453121498
0,0,5.701672264229252,4,62.278234908018895,5.958582763426122
1,6,44.138662136200516,1,91.97309220846974,71.98253575208176
0,3,95.22559279349505,5,89.61430283903927,23.0189292855608
0,6,67.10660583138687,0,90.43934723428801,41.741633401819705
0,5,12.719525429072531,4,34.43060310669875,27.131947601632326
0,9,49.87334498251654,3,52.025420211680526,39.31578095793141
1,2,0.9542053934633477,0,48.188960667995865,51.62240307492701
0,10,92.16657512926096,5,119.62527455651623,49.71329721850857
0,2,97.10840391762308,2,108.29286350163909,26.81125465109232
0,0,35.27510291158219,2,45.67291676449609,22.65626839117924
0,7,63.56255597154793,2,85.01203672418849,33.58300642629417
0,5,71.95981294223664,0,42.76397867187593,40.30356087749894
0,1,3.758821200798146,1,48.80621327761341,19.140371287609828
0,10,9.940605355415311,2,49.07593547609767,31.173828077119616
0,4,43.03334829389961,5,35.32468487250877,27.30590967708813
0,9,1.6875399257328394,1,33.23572727107209,42.486465581015864
0,9,80.46778073092827,5,71.59874133319515,41.70524212548069
0,0,92.83908468769454,1,51.211828188058355,27.779513362142126
0,4,96.3144690363168,0,102.25938361329511,35.16948080098096
0,10,11.190224292220918,5,72.177907728665,17.636578711625447
0,1,90.48677499881416,0,70.61998157057207,32.285548977438346
0,1,16.335301285109715,3,23.34564257926209,19.461391754282875
1,10,12.059897573855915,2,22.007442282992113,81.92136855604305
0,9,15.845784821418318,0,20.034334469253146,29.39010997699745
1,9,89.78615790601457,2,112.31846420003895,84.4633496927218
1,8,44.60816884105556,0,103.61178494073393,69.40618782578859
0,5,57.19645247880576,0,27.892470445021704,39.94707022226589
0,10,37.310188365454344,0,97.405470174009,33.74954224510922
1,8,81.97675809334805,1,49.9486264522118,85.23948480941431
0,7,35.552783230022136,2,56.53480934491081,43.09105770585051
0,7,62.15256554124362,5,76.1857465893419,28.945000609422078
0,5,15.460832855750295,4,60.600796597604216,21.512876186933262
0,9,67.78238429616589,4,19.329941703708005,51.46824592398184
0,6,6.771496723477033,2,59.90562352515605,19.59214528425921
0,6,8.635061892712715,4,56.40831555994891,19.021384448618694
0,5,44.83742994022215,3,110.162219662231,17.016961324268173
1,1,41.35697094972679,4,99.12551444922939,58.9423704338795
0,4,92.15864763475096,3,66.45421158228024,33.50961613754147
0,6,87.693062507496,3,52.23129349410229,35.90250403203076
0,3,79.32735763412823,1,73.95125412509195,39.964955545060484
0,1,71.01958093231619,2,95.45167366577405,24.769247293667163
1,0,83.74307089849529,1,20.045306703604016,72.79915413866534
0,9,11.556468613266336,2,35.705764254468875,34.89791888084909
0,3,15.535206327208396,0,38.59637975396536,35.63189771007327
0,5,50.10710010807248,4,95.79519547923181,26.367828600699227
0,0,71.85089281885901,4,82.31654050333509,13.98092508370349
0,3,75.16872895476692,2,113.97377857659471,30.109126085559193
0,4,50.30280714654135,0,61.01717876961858,31.94342581768969
0,9,55.819074722268304,4,75.59463414699016,33.989956131974516
0,1,97.54802548503862,1,75.76064358818661,36.5090057724246
0,3,95.69233398796524,1,32.330632509538574,24.831382396723914
0,8,86.14987745896678,3,64.84567536741227,40.244891771342424
0,7,84.53360702381107,5,84.17506189880756,38.69799309316657
0,3,18.75883880889113,2,115.70464904937975,13.665218811966962
0,0,40.77836677785709,2,112.81304159516733,6.524892036737231
0,10,29.64472174620222,1,40.93953273748598,45.74921743659424
0,2,47.454990950115686,4,119.52404778078241,16.736931586731064
0,7,70.66106574353387,4,51.149713028498844,38.930864818202444
0,1,96.86484692330404,0,63.72054779695299,34.30972973112452
0,8,90.48493338193485,1,34.16364969129853,56.824125584549364
0,5,2.003083694992047,1,84.56966311442383,16.82930638996308
0,1,64.99422330537537,5,107.51627260105188,15.354394630427281
0,4,37.51536171455096,2,113.8321641032035,19.469176624425444
0,2,54.743800373666765,1,64.98655457491974,29.78609146680093
0,6,88.87965619284584,2,102.80018377599905,38.57699695759772
